n,bsmode,blocks,threads,max_threads_per_block,max_threads_per_sm,max_blocks_per_sm,sm_count,clock_mhz,warp_size,run,result,times,log,status,timestamp
7500,host,2,32,1024,1024,16,22,1785,32,1,747.538387,7,benchmarks/benchmark-n7500-bsmodehost-blocks2-threads32-t7-20251201-041232.log,OK,1764573910
7500,host,2,32,1024,1024,16,22,1785,32,2,747.539172,7,benchmarks/benchmark-n7500-bsmodehost-blocks2-threads32-t7-20251201-041232.log,OK,1764574667
7500,host,2,32,1024,1024,16,22,1785,32,3,747.501342,7,benchmarks/benchmark-n7500-bsmodehost-blocks2-threads32-t7-20251201-041232.log,OK,1764575424
7500,host,2,32,1024,1024,16,22,1785,32,4,747.488211,7,benchmarks/benchmark-n7500-bsmodehost-blocks2-threads32-t7-20251201-041232.log,OK,1764576181
7500,host,2,32,1024,1024,16,22,1785,32,5,747.484954,7,benchmarks/benchmark-n7500-bsmodehost-blocks2-threads32-t7-20251201-041232.log,OK,1764576938
7500,host,2,32,1024,1024,16,22,1785,32,6,747.504794,7,benchmarks/benchmark-n7500-bsmodehost-blocks2-threads32-t7-20251201-041232.log,OK,1764577695
7500,host,2,32,1024,1024,16,22,1785,32,7,747.513720,7,benchmarks/benchmark-n7500-bsmodehost-blocks2-threads32-t7-20251201-041232.log,OK,1764578452
7500,host,2,64,1024,1024,16,22,1785,32,1,384.263159,7,benchmarks/benchmark-n7500-bsmodehost-blocks2-threads64-t7-20251201-041232.log,OK,1764578846
7500,host,2,64,1024,1024,16,22,1785,32,2,384.280038,7,benchmarks/benchmark-n7500-bsmodehost-blocks2-threads64-t7-20251201-041232.log,OK,1764579240
7500,host,2,64,1024,1024,16,22,1785,32,3,384.273861,7,benchmarks/benchmark-n7500-bsmodehost-blocks2-threads64-t7-20251201-041232.log,OK,1764579633
7500,host,2,64,1024,1024,16,22,1785,32,4,384.280914,7,benchmarks/benchmark-n7500-bsmodehost-blocks2-threads64-t7-20251201-041232.log,OK,1764580027
7500,host,2,64,1024,1024,16,22,1785,32,5,384.300544,7,benchmarks/benchmark-n7500-bsmodehost-blocks2-threads64-t7-20251201-041232.log,OK,1764580421
7500,host,2,64,1024,1024,16,22,1785,32,6,384.275461,7,benchmarks/benchmark-n7500-bsmodehost-blocks2-threads64-t7-20251201-041232.log,OK,1764580814
7500,host,2,64,1024,1024,16,22,1785,32,7,384.284194,7,benchmarks/benchmark-n7500-bsmodehost-blocks2-threads64-t7-20251201-041232.log,OK,1764581208
7500,host,2,128,1024,1024,16,22,1785,32,1,203.170181,7,benchmarks/benchmark-n7500-bsmodehost-blocks2-threads128-t7-20251201-041232.log,OK,1764581421
7500,host,2,128,1024,1024,16,22,1785,32,2,203.177207,7,benchmarks/benchmark-n7500-bsmodehost-blocks2-threads128-t7-20251201-041232.log,OK,1764581633
7500,host,2,128,1024,1024,16,22,1785,32,3,203.166730,7,benchmarks/benchmark-n7500-bsmodehost-blocks2-threads128-t7-20251201-041232.log,OK,1764581846
7500,host,2,128,1024,1024,16,22,1785,32,4,203.189145,7,benchmarks/benchmark-n7500-bsmodehost-blocks2-threads128-t7-20251201-041232.log,OK,1764582059
7500,host,2,128,1024,1024,16,22,1785,32,5,203.172773,7,benchmarks/benchmark-n7500-bsmodehost-blocks2-threads128-t7-20251201-041232.log,OK,1764582271
7500,host,2,128,1024,1024,16,22,1785,32,6,203.187335,7,benchmarks/benchmark-n7500-bsmodehost-blocks2-threads128-t7-20251201-041232.log,OK,1764582484
7500,host,2,128,1024,1024,16,22,1785,32,7,203.185493,7,benchmarks/benchmark-n7500-bsmodehost-blocks2-threads128-t7-20251201-041232.log,OK,1764582697
7500,host,2,256,1024,1024,16,22,1785,32,1,114.338495,7,benchmarks/benchmark-n7500-bsmodehost-blocks2-threads256-t7-20251201-041232.log,OK,1764582820
7500,host,2,256,1024,1024,16,22,1785,32,2,114.344983,7,benchmarks/benchmark-n7500-bsmodehost-blocks2-threads256-t7-20251201-041232.log,OK,1764582944
7500,host,2,256,1024,1024,16,22,1785,32,3,114.349285,7,benchmarks/benchmark-n7500-bsmodehost-blocks2-threads256-t7-20251201-041232.log,OK,1764583068
7500,host,2,256,1024,1024,16,22,1785,32,4,114.352008,7,benchmarks/benchmark-n7500-bsmodehost-blocks2-threads256-t7-20251201-041232.log,OK,1764583192
7500,host,2,256,1024,1024,16,22,1785,32,5,114.365932,7,benchmarks/benchmark-n7500-bsmodehost-blocks2-threads256-t7-20251201-041232.log,OK,1764583316
7500,host,2,256,1024,1024,16,22,1785,32,6,114.349775,7,benchmarks/benchmark-n7500-bsmodehost-blocks2-threads256-t7-20251201-041232.log,OK,1764583439
7500,host,2,256,1024,1024,16,22,1785,32,7,114.341342,7,benchmarks/benchmark-n7500-bsmodehost-blocks2-threads256-t7-20251201-041232.log,OK,1764583563
7500,host,2,512,1024,1024,16,22,1785,32,1,74.395698,7,benchmarks/benchmark-n7500-bsmodehost-blocks2-threads512-t7-20251201-041232.log,OK,1764583647
7500,host,2,512,1024,1024,16,22,1785,32,2,74.411820,7,benchmarks/benchmark-n7500-bsmodehost-blocks2-threads512-t7-20251201-041232.log,OK,1764583731
7500,host,2,512,1024,1024,16,22,1785,32,3,74.415425,7,benchmarks/benchmark-n7500-bsmodehost-blocks2-threads512-t7-20251201-041232.log,OK,1764583815
7500,host,2,512,1024,1024,16,22,1785,32,4,74.403942,7,benchmarks/benchmark-n7500-bsmodehost-blocks2-threads512-t7-20251201-041232.log,OK,1764583899
7500,host,2,512,1024,1024,16,22,1785,32,5,74.387456,7,benchmarks/benchmark-n7500-bsmodehost-blocks2-threads512-t7-20251201-041232.log,OK,1764583983
7500,host,2,512,1024,1024,16,22,1785,32,6,74.391148,7,benchmarks/benchmark-n7500-bsmodehost-blocks2-threads512-t7-20251201-041232.log,OK,1764584066
7500,host,2,512,1024,1024,16,22,1785,32,7,74.392406,7,benchmarks/benchmark-n7500-bsmodehost-blocks2-threads512-t7-20251201-041232.log,OK,1764584150
7500,host,2,1024,1024,1024,16,22,1785,32,1,66.953030,7,benchmarks/benchmark-n7500-bsmodehost-blocks2-threads1024-t7-20251201-041232.log,OK,1764584227
7500,host,2,1024,1024,1024,16,22,1785,32,2,66.962116,7,benchmarks/benchmark-n7500-bsmodehost-blocks2-threads1024-t7-20251201-041232.log,OK,1764584303
7500,host,2,1024,1024,1024,16,22,1785,32,3,66.971791,7,benchmarks/benchmark-n7500-bsmodehost-blocks2-threads1024-t7-20251201-041232.log,OK,1764584379
7500,host,2,1024,1024,1024,16,22,1785,32,4,66.946221,7,benchmarks/benchmark-n7500-bsmodehost-blocks2-threads1024-t7-20251201-041232.log,OK,1764584456
7500,host,2,1024,1024,1024,16,22,1785,32,5,66.954557,7,benchmarks/benchmark-n7500-bsmodehost-blocks2-threads1024-t7-20251201-041232.log,OK,1764584532
7500,host,2,1024,1024,1024,16,22,1785,32,6,66.960012,7,benchmarks/benchmark-n7500-bsmodehost-blocks2-threads1024-t7-20251201-041232.log,OK,1764584609
7500,host,2,1024,1024,1024,16,22,1785,32,7,66.943563,7,benchmarks/benchmark-n7500-bsmodehost-blocks2-threads1024-t7-20251201-041232.log,OK,1764584685
7500,host,4,32,1024,1024,16,22,1785,32,1,375.299564,7,benchmarks/benchmark-n7500-bsmodehost-blocks4-threads32-t7-20251201-041232.log,OK,1764585070
7500,host,4,32,1024,1024,16,22,1785,32,2,375.268297,7,benchmarks/benchmark-n7500-bsmodehost-blocks4-threads32-t7-20251201-041232.log,OK,1764585455
7500,host,4,32,1024,1024,16,22,1785,32,3,375.274261,7,benchmarks/benchmark-n7500-bsmodehost-blocks4-threads32-t7-20251201-041232.log,OK,1764585839
7500,host,4,32,1024,1024,16,22,1785,32,4,375.277841,7,benchmarks/benchmark-n7500-bsmodehost-blocks4-threads32-t7-20251201-041232.log,OK,1764586224
7500,host,4,32,1024,1024,16,22,1785,32,5,375.278223,7,benchmarks/benchmark-n7500-bsmodehost-blocks4-threads32-t7-20251201-041232.log,OK,1764586609
7500,host,4,32,1024,1024,16,22,1785,32,6,375.282831,7,benchmarks/benchmark-n7500-bsmodehost-blocks4-threads32-t7-20251201-041232.log,OK,1764586994
7500,host,4,32,1024,1024,16,22,1785,32,7,375.282661,7,benchmarks/benchmark-n7500-bsmodehost-blocks4-threads32-t7-20251201-041232.log,OK,1764587378
7500,host,4,64,1024,1024,16,22,1785,32,1,194.720346,7,benchmarks/benchmark-n7500-bsmodehost-blocks4-threads64-t7-20251201-041232.log,OK,1764587582
7500,host,4,64,1024,1024,16,22,1785,32,2,194.698355,7,benchmarks/benchmark-n7500-bsmodehost-blocks4-threads64-t7-20251201-041232.log,OK,1764587787
7500,host,4,64,1024,1024,16,22,1785,32,3,194.705201,7,benchmarks/benchmark-n7500-bsmodehost-blocks4-threads64-t7-20251201-041232.log,OK,1764587991
7500,host,4,64,1024,1024,16,22,1785,32,4,194.696739,7,benchmarks/benchmark-n7500-bsmodehost-blocks4-threads64-t7-20251201-041232.log,OK,1764588195
7500,host,4,64,1024,1024,16,22,1785,32,5,194.691322,7,benchmarks/benchmark-n7500-bsmodehost-blocks4-threads64-t7-20251201-041232.log,OK,1764588399
7500,host,4,64,1024,1024,16,22,1785,32,6,194.711525,7,benchmarks/benchmark-n7500-bsmodehost-blocks4-threads64-t7-20251201-041232.log,OK,1764588603
7500,host,4,64,1024,1024,16,22,1785,32,7,194.706993,7,benchmarks/benchmark-n7500-bsmodehost-blocks4-threads64-t7-20251201-041232.log,OK,1764588807
7500,host,4,128,1024,1024,16,22,1785,32,1,105.145084,7,benchmarks/benchmark-n7500-bsmodehost-blocks4-threads128-t7-20251201-041232.log,OK,1764588922
7500,host,4,128,1024,1024,16,22,1785,32,2,105.145747,7,benchmarks/benchmark-n7500-bsmodehost-blocks4-threads128-t7-20251201-041232.log,OK,1764589037
7500,host,4,128,1024,1024,16,22,1785,32,3,105.149178,7,benchmarks/benchmark-n7500-bsmodehost-blocks4-threads128-t7-20251201-041232.log,OK,1764589151
7500,host,4,128,1024,1024,16,22,1785,32,4,105.154076,7,benchmarks/benchmark-n7500-bsmodehost-blocks4-threads128-t7-20251201-041232.log,OK,1764589266
7500,host,4,128,1024,1024,16,22,1785,32,5,105.156709,7,benchmarks/benchmark-n7500-bsmodehost-blocks4-threads128-t7-20251201-041232.log,OK,1764589380
7500,host,4,128,1024,1024,16,22,1785,32,6,105.151128,7,benchmarks/benchmark-n7500-bsmodehost-blocks4-threads128-t7-20251201-041232.log,OK,1764589495
7500,host,4,128,1024,1024,16,22,1785,32,7,105.148976,7,benchmarks/benchmark-n7500-bsmodehost-blocks4-threads128-t7-20251201-041232.log,OK,1764589610
7500,host,4,256,1024,1024,16,22,1785,32,1,60.927539,7,benchmarks/benchmark-n7500-bsmodehost-blocks4-threads256-t7-20251201-041232.log,OK,1764589680
7500,host,4,256,1024,1024,16,22,1785,32,2,60.936564,7,benchmarks/benchmark-n7500-bsmodehost-blocks4-threads256-t7-20251201-041232.log,OK,1764589750
7500,host,4,256,1024,1024,16,22,1785,32,3,60.922939,7,benchmarks/benchmark-n7500-bsmodehost-blocks4-threads256-t7-20251201-041232.log,OK,1764589821
7500,host,4,256,1024,1024,16,22,1785,32,4,60.935067,7,benchmarks/benchmark-n7500-bsmodehost-blocks4-threads256-t7-20251201-041232.log,OK,1764589891
7500,host,4,256,1024,1024,16,22,1785,32,5,60.921532,7,benchmarks/benchmark-n7500-bsmodehost-blocks4-threads256-t7-20251201-041232.log,OK,1764589962
7500,host,4,256,1024,1024,16,22,1785,32,6,60.929129,7,benchmarks/benchmark-n7500-bsmodehost-blocks4-threads256-t7-20251201-041232.log,OK,1764590032
7500,host,4,256,1024,1024,16,22,1785,32,7,60.936070,7,benchmarks/benchmark-n7500-bsmodehost-blocks4-threads256-t7-20251201-041232.log,OK,1764590102
7500,host,4,512,1024,1024,16,22,1785,32,1,40.091311,7,benchmarks/benchmark-n7500-bsmodehost-blocks4-threads512-t7-20251201-041232.log,OK,1764590152
7500,host,4,512,1024,1024,16,22,1785,32,2,40.088764,7,benchmarks/benchmark-n7500-bsmodehost-blocks4-threads512-t7-20251201-041232.log,OK,1764590201
7500,host,4,512,1024,1024,16,22,1785,32,3,40.073754,7,benchmarks/benchmark-n7500-bsmodehost-blocks4-threads512-t7-20251201-041232.log,OK,1764590251
7500,host,4,512,1024,1024,16,22,1785,32,4,40.082390,7,benchmarks/benchmark-n7500-bsmodehost-blocks4-threads512-t7-20251201-041232.log,OK,1764590300
7500,host,4,512,1024,1024,16,22,1785,32,5,40.084849,7,benchmarks/benchmark-n7500-bsmodehost-blocks4-threads512-t7-20251201-041232.log,OK,1764590350
7500,host,4,512,1024,1024,16,22,1785,32,6,40.090920,7,benchmarks/benchmark-n7500-bsmodehost-blocks4-threads512-t7-20251201-041232.log,OK,1764590400
7500,host,4,512,1024,1024,16,22,1785,32,7,40.090984,7,benchmarks/benchmark-n7500-bsmodehost-blocks4-threads512-t7-20251201-041232.log,OK,1764590449
7500,host,4,1024,1024,1024,16,22,1785,32,1,35.158364,7,benchmarks/benchmark-n7500-bsmodehost-blocks4-threads1024-t7-20251201-041232.log,OK,1764590494
7500,host,4,1024,1024,1024,16,22,1785,32,2,35.249725,7,benchmarks/benchmark-n7500-bsmodehost-blocks4-threads1024-t7-20251201-041232.log,OK,1764590538
7500,host,4,1024,1024,1024,16,22,1785,32,3,35.257002,7,benchmarks/benchmark-n7500-bsmodehost-blocks4-threads1024-t7-20251201-041232.log,OK,1764590583
7500,host,4,1024,1024,1024,16,22,1785,32,4,35.269143,7,benchmarks/benchmark-n7500-bsmodehost-blocks4-threads1024-t7-20251201-041232.log,OK,1764590628
7500,host,4,1024,1024,1024,16,22,1785,32,5,35.242564,7,benchmarks/benchmark-n7500-bsmodehost-blocks4-threads1024-t7-20251201-041232.log,OK,1764590673
7500,host,4,1024,1024,1024,16,22,1785,32,6,35.256060,7,benchmarks/benchmark-n7500-bsmodehost-blocks4-threads1024-t7-20251201-041232.log,OK,1764590717
7500,host,4,1024,1024,1024,16,22,1785,32,7,35.265017,7,benchmarks/benchmark-n7500-bsmodehost-blocks4-threads1024-t7-20251201-041232.log,OK,1764590762
7500,host,8,32,1024,1024,16,22,1785,32,1,189.413050,7,benchmarks/benchmark-n7500-bsmodehost-blocks8-threads32-t7-20251201-041232.log,OK,1764590961
7500,host,8,32,1024,1024,16,22,1785,32,2,189.408685,7,benchmarks/benchmark-n7500-bsmodehost-blocks8-threads32-t7-20251201-041232.log,OK,1764591160
7500,host,8,32,1024,1024,16,22,1785,32,3,189.389898,7,benchmarks/benchmark-n7500-bsmodehost-blocks8-threads32-t7-20251201-041232.log,OK,1764591359
7500,host,8,32,1024,1024,16,22,1785,32,4,189.400679,7,benchmarks/benchmark-n7500-bsmodehost-blocks8-threads32-t7-20251201-041232.log,OK,1764591557
7500,host,8,32,1024,1024,16,22,1785,32,5,189.407448,7,benchmarks/benchmark-n7500-bsmodehost-blocks8-threads32-t7-20251201-041232.log,OK,1764591756
7500,host,8,32,1024,1024,16,22,1785,32,6,189.394781,7,benchmarks/benchmark-n7500-bsmodehost-blocks8-threads32-t7-20251201-041232.log,OK,1764591955
7500,host,8,32,1024,1024,16,22,1785,32,7,189.394995,7,benchmarks/benchmark-n7500-bsmodehost-blocks8-threads32-t7-20251201-041232.log,OK,1764592154
7500,host,8,64,1024,1024,16,22,1785,32,1,100.405406,7,benchmarks/benchmark-n7500-bsmodehost-blocks8-threads64-t7-20251201-041232.log,OK,1764592264
7500,host,8,64,1024,1024,16,22,1785,32,2,100.400924,7,benchmarks/benchmark-n7500-bsmodehost-blocks8-threads64-t7-20251201-041232.log,OK,1764592374
7500,host,8,64,1024,1024,16,22,1785,32,3,100.416651,7,benchmarks/benchmark-n7500-bsmodehost-blocks8-threads64-t7-20251201-041232.log,OK,1764592484
7500,host,8,64,1024,1024,16,22,1785,32,4,100.406149,7,benchmarks/benchmark-n7500-bsmodehost-blocks8-threads64-t7-20251201-041232.log,OK,1764592593
7500,host,8,64,1024,1024,16,22,1785,32,5,100.393096,7,benchmarks/benchmark-n7500-bsmodehost-blocks8-threads64-t7-20251201-041232.log,OK,1764592703
7500,host,8,64,1024,1024,16,22,1785,32,6,100.406204,7,benchmarks/benchmark-n7500-bsmodehost-blocks8-threads64-t7-20251201-041232.log,OK,1764592813
7500,host,8,64,1024,1024,16,22,1785,32,7,100.401847,7,benchmarks/benchmark-n7500-bsmodehost-blocks8-threads64-t7-20251201-041232.log,OK,1764592923
7500,host,8,128,1024,1024,16,22,1785,32,1,56.632359,7,benchmarks/benchmark-n7500-bsmodehost-blocks8-threads128-t7-20251201-041232.log,OK,1764592989
7500,host,8,128,1024,1024,16,22,1785,32,2,56.628488,7,benchmarks/benchmark-n7500-bsmodehost-blocks8-threads128-t7-20251201-041232.log,OK,1764593055
7500,host,8,128,1024,1024,16,22,1785,32,3,56.620643,7,benchmarks/benchmark-n7500-bsmodehost-blocks8-threads128-t7-20251201-041232.log,OK,1764593121
7500,host,8,128,1024,1024,16,22,1785,32,4,56.620831,7,benchmarks/benchmark-n7500-bsmodehost-blocks8-threads128-t7-20251201-041232.log,OK,1764593187
7500,host,8,128,1024,1024,16,22,1785,32,5,56.633369,7,benchmarks/benchmark-n7500-bsmodehost-blocks8-threads128-t7-20251201-041232.log,OK,1764593253
7500,host,8,128,1024,1024,16,22,1785,32,6,56.623978,7,benchmarks/benchmark-n7500-bsmodehost-blocks8-threads128-t7-20251201-041232.log,OK,1764593320
7500,host,8,128,1024,1024,16,22,1785,32,7,56.625967,7,benchmarks/benchmark-n7500-bsmodehost-blocks8-threads128-t7-20251201-041232.log,OK,1764593386
7500,host,8,256,1024,1024,16,22,1785,32,1,34.577108,7,benchmarks/benchmark-n7500-bsmodehost-blocks8-threads256-t7-20251201-041232.log,OK,1764593430
7500,host,8,256,1024,1024,16,22,1785,32,2,34.565471,7,benchmarks/benchmark-n7500-bsmodehost-blocks8-threads256-t7-20251201-041232.log,OK,1764593474
7500,host,8,256,1024,1024,16,22,1785,32,3,34.566921,7,benchmarks/benchmark-n7500-bsmodehost-blocks8-threads256-t7-20251201-041232.log,OK,1764593518
7500,host,8,256,1024,1024,16,22,1785,32,4,34.577581,7,benchmarks/benchmark-n7500-bsmodehost-blocks8-threads256-t7-20251201-041232.log,OK,1764593562
7500,host,8,256,1024,1024,16,22,1785,32,5,34.571984,7,benchmarks/benchmark-n7500-bsmodehost-blocks8-threads256-t7-20251201-041232.log,OK,1764593606
7500,host,8,256,1024,1024,16,22,1785,32,6,34.583760,7,benchmarks/benchmark-n7500-bsmodehost-blocks8-threads256-t7-20251201-041232.log,OK,1764593650
7500,host,8,256,1024,1024,16,22,1785,32,7,34.563246,7,benchmarks/benchmark-n7500-bsmodehost-blocks8-threads256-t7-20251201-041232.log,OK,1764593694
7500,host,8,512,1024,1024,16,22,1785,32,1,22.759510,7,benchmarks/benchmark-n7500-bsmodehost-blocks8-threads512-t7-20251201-041232.log,OK,1764593726
7500,host,8,512,1024,1024,16,22,1785,32,2,22.764369,7,benchmarks/benchmark-n7500-bsmodehost-blocks8-threads512-t7-20251201-041232.log,OK,1764593758
7500,host,8,512,1024,1024,16,22,1785,32,3,22.776938,7,benchmarks/benchmark-n7500-bsmodehost-blocks8-threads512-t7-20251201-041232.log,OK,1764593790
7500,host,8,512,1024,1024,16,22,1785,32,4,22.761123,7,benchmarks/benchmark-n7500-bsmodehost-blocks8-threads512-t7-20251201-041232.log,OK,1764593823
7500,host,8,512,1024,1024,16,22,1785,32,5,22.772566,7,benchmarks/benchmark-n7500-bsmodehost-blocks8-threads512-t7-20251201-041232.log,OK,1764593855
7500,host,8,512,1024,1024,16,22,1785,32,6,22.759604,7,benchmarks/benchmark-n7500-bsmodehost-blocks8-threads512-t7-20251201-041232.log,OK,1764593887
7500,host,8,512,1024,1024,16,22,1785,32,7,22.766627,7,benchmarks/benchmark-n7500-bsmodehost-blocks8-threads512-t7-20251201-041232.log,OK,1764593919
7500,host,8,1024,1024,1024,16,22,1785,32,1,19.424481,7,benchmarks/benchmark-n7500-bsmodehost-blocks8-threads1024-t7-20251201-041232.log,OK,1764593948
7500,host,8,1024,1024,1024,16,22,1785,32,2,19.418114,7,benchmarks/benchmark-n7500-bsmodehost-blocks8-threads1024-t7-20251201-041232.log,OK,1764593977
7500,host,8,1024,1024,1024,16,22,1785,32,3,19.408616,7,benchmarks/benchmark-n7500-bsmodehost-blocks8-threads1024-t7-20251201-041232.log,OK,1764594006
7500,host,8,1024,1024,1024,16,22,1785,32,4,19.403805,7,benchmarks/benchmark-n7500-bsmodehost-blocks8-threads1024-t7-20251201-041232.log,OK,1764594035
7500,host,8,1024,1024,1024,16,22,1785,32,5,19.412381,7,benchmarks/benchmark-n7500-bsmodehost-blocks8-threads1024-t7-20251201-041232.log,OK,1764594064
7500,host,8,1024,1024,1024,16,22,1785,32,6,19.408179,7,benchmarks/benchmark-n7500-bsmodehost-blocks8-threads1024-t7-20251201-041232.log,OK,1764594093
7500,host,8,1024,1024,1024,16,22,1785,32,7,19.409452,7,benchmarks/benchmark-n7500-bsmodehost-blocks8-threads1024-t7-20251201-041232.log,OK,1764594121
7500,host,11,32,1024,1024,16,22,1785,32,1,139.143331,7,benchmarks/benchmark-n7500-bsmodehost-blocks11-threads32-t7-20251201-041232.log,OK,1764594270
7500,host,11,32,1024,1024,16,22,1785,32,2,138.721348,7,benchmarks/benchmark-n7500-bsmodehost-blocks11-threads32-t7-20251201-041232.log,OK,1764594418
7500,host,11,32,1024,1024,16,22,1785,32,3,138.731974,7,benchmarks/benchmark-n7500-bsmodehost-blocks11-threads32-t7-20251201-041232.log,OK,1764594566
7500,host,11,32,1024,1024,16,22,1785,32,4,138.731557,7,benchmarks/benchmark-n7500-bsmodehost-blocks11-threads32-t7-20251201-041232.log,OK,1764594715
7500,host,11,32,1024,1024,16,22,1785,32,5,138.721890,7,benchmarks/benchmark-n7500-bsmodehost-blocks11-threads32-t7-20251201-041232.log,OK,1764594863
7500,host,11,32,1024,1024,16,22,1785,32,6,138.738307,7,benchmarks/benchmark-n7500-bsmodehost-blocks11-threads32-t7-20251201-041232.log,OK,1764595011
7500,host,11,32,1024,1024,16,22,1785,32,7,138.733332,7,benchmarks/benchmark-n7500-bsmodehost-blocks11-threads32-t7-20251201-041232.log,OK,1764595159
7500,host,11,64,1024,1024,16,22,1785,32,1,74.674492,7,benchmarks/benchmark-n7500-bsmodehost-blocks11-threads64-t7-20251201-041232.log,OK,1764595243
7500,host,11,64,1024,1024,16,22,1785,32,2,74.668862,7,benchmarks/benchmark-n7500-bsmodehost-blocks11-threads64-t7-20251201-041232.log,OK,1764595327
7500,host,11,64,1024,1024,16,22,1785,32,3,74.662465,7,benchmarks/benchmark-n7500-bsmodehost-blocks11-threads64-t7-20251201-041232.log,OK,1764595412
7500,host,11,64,1024,1024,16,22,1785,32,4,74.670390,7,benchmarks/benchmark-n7500-bsmodehost-blocks11-threads64-t7-20251201-041232.log,OK,1764595496
7500,host,11,64,1024,1024,16,22,1785,32,5,74.656014,7,benchmarks/benchmark-n7500-bsmodehost-blocks11-threads64-t7-20251201-041232.log,OK,1764595580
7500,host,11,64,1024,1024,16,22,1785,32,6,74.671246,7,benchmarks/benchmark-n7500-bsmodehost-blocks11-threads64-t7-20251201-041232.log,OK,1764595664
7500,host,11,64,1024,1024,16,22,1785,32,7,74.673031,7,benchmarks/benchmark-n7500-bsmodehost-blocks11-threads64-t7-20251201-041232.log,OK,1764595748
7500,host,11,128,1024,1024,16,22,1785,32,1,43.403690,7,benchmarks/benchmark-n7500-bsmodehost-blocks11-threads128-t7-20251201-041232.log,OK,1764595801
7500,host,11,128,1024,1024,16,22,1785,32,2,43.408323,7,benchmarks/benchmark-n7500-bsmodehost-blocks11-threads128-t7-20251201-041232.log,OK,1764595854
7500,host,11,128,1024,1024,16,22,1785,32,3,43.439371,7,benchmarks/benchmark-n7500-bsmodehost-blocks11-threads128-t7-20251201-041232.log,OK,1764595907
7500,host,11,128,1024,1024,16,22,1785,32,4,43.439145,7,benchmarks/benchmark-n7500-bsmodehost-blocks11-threads128-t7-20251201-041232.log,OK,1764595960
7500,host,11,128,1024,1024,16,22,1785,32,5,43.435067,7,benchmarks/benchmark-n7500-bsmodehost-blocks11-threads128-t7-20251201-041232.log,OK,1764596013
7500,host,11,128,1024,1024,16,22,1785,32,6,43.443194,7,benchmarks/benchmark-n7500-bsmodehost-blocks11-threads128-t7-20251201-041232.log,OK,1764596065
7500,host,11,128,1024,1024,16,22,1785,32,7,43.429050,7,benchmarks/benchmark-n7500-bsmodehost-blocks11-threads128-t7-20251201-041232.log,OK,1764596118
7500,host,11,256,1024,1024,16,22,1785,32,1,27.259580,7,benchmarks/benchmark-n7500-bsmodehost-blocks11-threads256-t7-20251201-041232.log,OK,1764596155
7500,host,11,256,1024,1024,16,22,1785,32,2,27.255705,7,benchmarks/benchmark-n7500-bsmodehost-blocks11-threads256-t7-20251201-041232.log,OK,1764596192
7500,host,11,256,1024,1024,16,22,1785,32,3,27.252963,7,benchmarks/benchmark-n7500-bsmodehost-blocks11-threads256-t7-20251201-041232.log,OK,1764596229
7500,host,11,256,1024,1024,16,22,1785,32,4,27.260713,7,benchmarks/benchmark-n7500-bsmodehost-blocks11-threads256-t7-20251201-041232.log,OK,1764596265
7500,host,11,256,1024,1024,16,22,1785,32,5,27.252902,7,benchmarks/benchmark-n7500-bsmodehost-blocks11-threads256-t7-20251201-041232.log,OK,1764596302
7500,host,11,256,1024,1024,16,22,1785,32,6,27.252050,7,benchmarks/benchmark-n7500-bsmodehost-blocks11-threads256-t7-20251201-041232.log,OK,1764596339
7500,host,11,256,1024,1024,16,22,1785,32,7,27.251667,7,benchmarks/benchmark-n7500-bsmodehost-blocks11-threads256-t7-20251201-041232.log,OK,1764596375
7500,host,11,512,1024,1024,16,22,1785,32,1,18.091543,7,benchmarks/benchmark-n7500-bsmodehost-blocks11-threads512-t7-20251201-041232.log,OK,1764596403
7500,host,11,512,1024,1024,16,22,1785,32,2,18.093484,7,benchmarks/benchmark-n7500-bsmodehost-blocks11-threads512-t7-20251201-041232.log,OK,1764596431
7500,host,11,512,1024,1024,16,22,1785,32,3,18.086423,7,benchmarks/benchmark-n7500-bsmodehost-blocks11-threads512-t7-20251201-041232.log,OK,1764596458
7500,host,11,512,1024,1024,16,22,1785,32,4,18.086130,7,benchmarks/benchmark-n7500-bsmodehost-blocks11-threads512-t7-20251201-041232.log,OK,1764596486
7500,host,11,512,1024,1024,16,22,1785,32,5,18.080145,7,benchmarks/benchmark-n7500-bsmodehost-blocks11-threads512-t7-20251201-041232.log,OK,1764596513
7500,host,11,512,1024,1024,16,22,1785,32,6,18.094956,7,benchmarks/benchmark-n7500-bsmodehost-blocks11-threads512-t7-20251201-041232.log,OK,1764596541
7500,host,11,512,1024,1024,16,22,1785,32,7,18.084183,7,benchmarks/benchmark-n7500-bsmodehost-blocks11-threads512-t7-20251201-041232.log,OK,1764596568
7500,host,11,1024,1024,1024,16,22,1785,32,1,16.069674,7,benchmarks/benchmark-n7500-bsmodehost-blocks11-threads1024-t7-20251201-041232.log,OK,1764596594
7500,host,11,1024,1024,1024,16,22,1785,32,2,16.062961,7,benchmarks/benchmark-n7500-bsmodehost-blocks11-threads1024-t7-20251201-041232.log,OK,1764596619
7500,host,11,1024,1024,1024,16,22,1785,32,3,16.076441,7,benchmarks/benchmark-n7500-bsmodehost-blocks11-threads1024-t7-20251201-041232.log,OK,1764596645
7500,host,11,1024,1024,1024,16,22,1785,32,4,16.085638,7,benchmarks/benchmark-n7500-bsmodehost-blocks11-threads1024-t7-20251201-041232.log,OK,1764596670
7500,host,11,1024,1024,1024,16,22,1785,32,5,16.092918,7,benchmarks/benchmark-n7500-bsmodehost-blocks11-threads1024-t7-20251201-041232.log,OK,1764596696
7500,host,11,1024,1024,1024,16,22,1785,32,6,16.093669,7,benchmarks/benchmark-n7500-bsmodehost-blocks11-threads1024-t7-20251201-041232.log,OK,1764596721
7500,host,11,1024,1024,1024,16,22,1785,32,7,16.098075,7,benchmarks/benchmark-n7500-bsmodehost-blocks11-threads1024-t7-20251201-041232.log,OK,1764596747
7500,host,16,32,1024,1024,16,22,1785,32,1,97.111369,7,benchmarks/benchmark-n7500-bsmodehost-blocks16-threads32-t7-20251201-041232.log,OK,1764596854
7500,host,16,32,1024,1024,16,22,1785,32,2,96.838608,7,benchmarks/benchmark-n7500-bsmodehost-blocks16-threads32-t7-20251201-041232.log,OK,1764596960
7500,host,16,32,1024,1024,16,22,1785,32,3,96.848304,7,benchmarks/benchmark-n7500-bsmodehost-blocks16-threads32-t7-20251201-041232.log,OK,1764597066
7500,host,16,32,1024,1024,16,22,1785,32,4,96.853754,7,benchmarks/benchmark-n7500-bsmodehost-blocks16-threads32-t7-20251201-041232.log,OK,1764597173
7500,host,16,32,1024,1024,16,22,1785,32,5,96.839770,7,benchmarks/benchmark-n7500-bsmodehost-blocks16-threads32-t7-20251201-041232.log,OK,1764597279
7500,host,16,32,1024,1024,16,22,1785,32,6,96.847734,7,benchmarks/benchmark-n7500-bsmodehost-blocks16-threads32-t7-20251201-041232.log,OK,1764597385
7500,host,16,32,1024,1024,16,22,1785,32,7,96.855236,7,benchmarks/benchmark-n7500-bsmodehost-blocks16-threads32-t7-20251201-041232.log,OK,1764597491
7500,host,16,64,1024,1024,16,22,1785,32,1,53.886890,7,benchmarks/benchmark-n7500-bsmodehost-blocks16-threads64-t7-20251201-041232.log,OK,1764597555
7500,host,16,64,1024,1024,16,22,1785,32,2,53.921591,7,benchmarks/benchmark-n7500-bsmodehost-blocks16-threads64-t7-20251201-041232.log,OK,1764597618
7500,host,16,64,1024,1024,16,22,1785,32,3,53.925556,7,benchmarks/benchmark-n7500-bsmodehost-blocks16-threads64-t7-20251201-041232.log,OK,1764597682
7500,host,16,64,1024,1024,16,22,1785,32,4,53.924857,7,benchmarks/benchmark-n7500-bsmodehost-blocks16-threads64-t7-20251201-041232.log,OK,1764597745
7500,host,16,64,1024,1024,16,22,1785,32,5,53.932817,7,benchmarks/benchmark-n7500-bsmodehost-blocks16-threads64-t7-20251201-041232.log,OK,1764597808
7500,host,16,64,1024,1024,16,22,1785,32,6,53.914109,7,benchmarks/benchmark-n7500-bsmodehost-blocks16-threads64-t7-20251201-041232.log,OK,1764597872
7500,host,16,64,1024,1024,16,22,1785,32,7,53.919200,7,benchmarks/benchmark-n7500-bsmodehost-blocks16-threads64-t7-20251201-041232.log,OK,1764597935
7500,host,16,128,1024,1024,16,22,1785,32,1,32.629175,7,benchmarks/benchmark-n7500-bsmodehost-blocks16-threads128-t7-20251201-041232.log,OK,1764597977
7500,host,16,128,1024,1024,16,22,1785,32,2,32.622261,7,benchmarks/benchmark-n7500-bsmodehost-blocks16-threads128-t7-20251201-041232.log,OK,1764598019
7500,host,16,128,1024,1024,16,22,1785,32,3,32.626217,7,benchmarks/benchmark-n7500-bsmodehost-blocks16-threads128-t7-20251201-041232.log,OK,1764598061
7500,host,16,128,1024,1024,16,22,1785,32,4,32.617897,7,benchmarks/benchmark-n7500-bsmodehost-blocks16-threads128-t7-20251201-041232.log,OK,1764598103
7500,host,16,128,1024,1024,16,22,1785,32,5,32.629581,7,benchmarks/benchmark-n7500-bsmodehost-blocks16-threads128-t7-20251201-041232.log,OK,1764598146
7500,host,16,128,1024,1024,16,22,1785,32,6,32.628542,7,benchmarks/benchmark-n7500-bsmodehost-blocks16-threads128-t7-20251201-041232.log,OK,1764598188
7500,host,16,128,1024,1024,16,22,1785,32,7,32.631348,7,benchmarks/benchmark-n7500-bsmodehost-blocks16-threads128-t7-20251201-041232.log,OK,1764598230
7500,host,16,256,1024,1024,16,22,1785,32,1,21.297450,7,benchmarks/benchmark-n7500-bsmodehost-blocks16-threads256-t7-20251201-041232.log,OK,1764598260
7500,host,16,256,1024,1024,16,22,1785,32,2,21.301346,7,benchmarks/benchmark-n7500-bsmodehost-blocks16-threads256-t7-20251201-041232.log,OK,1764598291
7500,host,16,256,1024,1024,16,22,1785,32,3,21.302562,7,benchmarks/benchmark-n7500-bsmodehost-blocks16-threads256-t7-20251201-041232.log,OK,1764598322
7500,host,16,256,1024,1024,16,22,1785,32,4,21.296613,7,benchmarks/benchmark-n7500-bsmodehost-blocks16-threads256-t7-20251201-041232.log,OK,1764598353
7500,host,16,256,1024,1024,16,22,1785,32,5,21.312071,7,benchmarks/benchmark-n7500-bsmodehost-blocks16-threads256-t7-20251201-041232.log,OK,1764598383
7500,host,16,256,1024,1024,16,22,1785,32,6,21.298316,7,benchmarks/benchmark-n7500-bsmodehost-blocks16-threads256-t7-20251201-041232.log,OK,1764598414
7500,host,16,256,1024,1024,16,22,1785,32,7,21.297509,7,benchmarks/benchmark-n7500-bsmodehost-blocks16-threads256-t7-20251201-041232.log,OK,1764598445
7500,host,16,512,1024,1024,16,22,1785,32,1,15.536748,7,benchmarks/benchmark-n7500-bsmodehost-blocks16-threads512-t7-20251201-041232.log,OK,1764598470
7500,host,16,512,1024,1024,16,22,1785,32,2,15.538636,7,benchmarks/benchmark-n7500-bsmodehost-blocks16-threads512-t7-20251201-041232.log,OK,1764598495
7500,host,16,512,1024,1024,16,22,1785,32,3,15.539013,7,benchmarks/benchmark-n7500-bsmodehost-blocks16-threads512-t7-20251201-041232.log,OK,1764598520
7500,host,16,512,1024,1024,16,22,1785,32,4,15.538699,7,benchmarks/benchmark-n7500-bsmodehost-blocks16-threads512-t7-20251201-041232.log,OK,1764598545
7500,host,16,512,1024,1024,16,22,1785,32,5,15.540460,7,benchmarks/benchmark-n7500-bsmodehost-blocks16-threads512-t7-20251201-041232.log,OK,1764598570
7500,host,16,512,1024,1024,16,22,1785,32,6,15.541067,7,benchmarks/benchmark-n7500-bsmodehost-blocks16-threads512-t7-20251201-041232.log,OK,1764598595
7500,host,16,512,1024,1024,16,22,1785,32,7,15.541165,7,benchmarks/benchmark-n7500-bsmodehost-blocks16-threads512-t7-20251201-041232.log,OK,1764598620
7500,host,16,1024,1024,1024,16,22,1785,32,1,15.066988,7,benchmarks/benchmark-n7500-bsmodehost-blocks16-threads1024-t7-20251201-041232.log,OK,1764598644
7500,host,16,1024,1024,1024,16,22,1785,32,2,15.065151,7,benchmarks/benchmark-n7500-bsmodehost-blocks16-threads1024-t7-20251201-041232.log,OK,1764598669
7500,host,16,1024,1024,1024,16,22,1785,32,3,15.065433,7,benchmarks/benchmark-n7500-bsmodehost-blocks16-threads1024-t7-20251201-041232.log,OK,1764598694
7500,host,16,1024,1024,1024,16,22,1785,32,4,15.065249,7,benchmarks/benchmark-n7500-bsmodehost-blocks16-threads1024-t7-20251201-041232.log,OK,1764598718
7500,host,16,1024,1024,1024,16,22,1785,32,5,15.066208,7,benchmarks/benchmark-n7500-bsmodehost-blocks16-threads1024-t7-20251201-041232.log,OK,1764598743
7500,host,16,1024,1024,1024,16,22,1785,32,6,15.068203,7,benchmarks/benchmark-n7500-bsmodehost-blocks16-threads1024-t7-20251201-041232.log,OK,1764598767
7500,host,16,1024,1024,1024,16,22,1785,32,7,15.067066,7,benchmarks/benchmark-n7500-bsmodehost-blocks16-threads1024-t7-20251201-041232.log,OK,1764598792
7500,host,22,32,1024,1024,16,22,1785,32,1,71.902313,7,benchmarks/benchmark-n7500-bsmodehost-blocks22-threads32-t7-20251201-041232.log,OK,1764598873
7500,host,22,32,1024,1024,16,22,1785,32,2,71.904433,7,benchmarks/benchmark-n7500-bsmodehost-blocks22-threads32-t7-20251201-041232.log,OK,1764598954
7500,host,22,32,1024,1024,16,22,1785,32,3,71.914374,7,benchmarks/benchmark-n7500-bsmodehost-blocks22-threads32-t7-20251201-041232.log,OK,1764599036
7500,host,22,32,1024,1024,16,22,1785,32,4,71.905945,7,benchmarks/benchmark-n7500-bsmodehost-blocks22-threads32-t7-20251201-041232.log,OK,1764599117
7500,host,22,32,1024,1024,16,22,1785,32,5,71.896297,7,benchmarks/benchmark-n7500-bsmodehost-blocks22-threads32-t7-20251201-041232.log,OK,1764599198
7500,host,22,32,1024,1024,16,22,1785,32,6,71.914605,7,benchmarks/benchmark-n7500-bsmodehost-blocks22-threads32-t7-20251201-041232.log,OK,1764599280
7500,host,22,32,1024,1024,16,22,1785,32,7,71.892172,7,benchmarks/benchmark-n7500-bsmodehost-blocks22-threads32-t7-20251201-041232.log,OK,1764599361
7500,host,22,64,1024,1024,16,22,1785,32,1,41.189245,7,benchmarks/benchmark-n7500-bsmodehost-blocks22-threads64-t7-20251201-041232.log,OK,1764599412
7500,host,22,64,1024,1024,16,22,1785,32,2,41.172800,7,benchmarks/benchmark-n7500-bsmodehost-blocks22-threads64-t7-20251201-041232.log,OK,1764599463
7500,host,22,64,1024,1024,16,22,1785,32,3,41.184288,7,benchmarks/benchmark-n7500-bsmodehost-blocks22-threads64-t7-20251201-041232.log,OK,1764599513
7500,host,22,64,1024,1024,16,22,1785,32,4,41.176949,7,benchmarks/benchmark-n7500-bsmodehost-blocks22-threads64-t7-20251201-041232.log,OK,1764599564
7500,host,22,64,1024,1024,16,22,1785,32,5,41.168283,7,benchmarks/benchmark-n7500-bsmodehost-blocks22-threads64-t7-20251201-041232.log,OK,1764599614
7500,host,22,64,1024,1024,16,22,1785,32,6,41.185261,7,benchmarks/benchmark-n7500-bsmodehost-blocks22-threads64-t7-20251201-041232.log,OK,1764599665
7500,host,22,64,1024,1024,16,22,1785,32,7,41.181575,7,benchmarks/benchmark-n7500-bsmodehost-blocks22-threads64-t7-20251201-041232.log,OK,1764599716
7500,host,22,128,1024,1024,16,22,1785,32,1,25.836750,7,benchmarks/benchmark-n7500-bsmodehost-blocks22-threads128-t7-20251201-041232.log,OK,1764599751
7500,host,22,128,1024,1024,16,22,1785,32,2,25.831851,7,benchmarks/benchmark-n7500-bsmodehost-blocks22-threads128-t7-20251201-041232.log,OK,1764599786
7500,host,22,128,1024,1024,16,22,1785,32,3,25.827463,7,benchmarks/benchmark-n7500-bsmodehost-blocks22-threads128-t7-20251201-041232.log,OK,1764599822
7500,host,22,128,1024,1024,16,22,1785,32,4,25.824036,7,benchmarks/benchmark-n7500-bsmodehost-blocks22-threads128-t7-20251201-041232.log,OK,1764599857
7500,host,22,128,1024,1024,16,22,1785,32,5,25.829924,7,benchmarks/benchmark-n7500-bsmodehost-blocks22-threads128-t7-20251201-041232.log,OK,1764599892
7500,host,22,128,1024,1024,16,22,1785,32,6,25.832139,7,benchmarks/benchmark-n7500-bsmodehost-blocks22-threads128-t7-20251201-041232.log,OK,1764599928
7500,host,22,128,1024,1024,16,22,1785,32,7,25.830078,7,benchmarks/benchmark-n7500-bsmodehost-blocks22-threads128-t7-20251201-041232.log,OK,1764599963
7500,host,22,256,1024,1024,16,22,1785,32,1,17.904560,7,benchmarks/benchmark-n7500-bsmodehost-blocks22-threads256-t7-20251201-041232.log,OK,1764599990
7500,host,22,256,1024,1024,16,22,1785,32,2,17.906862,7,benchmarks/benchmark-n7500-bsmodehost-blocks22-threads256-t7-20251201-041232.log,OK,1764600018
7500,host,22,256,1024,1024,16,22,1785,32,3,17.900417,7,benchmarks/benchmark-n7500-bsmodehost-blocks22-threads256-t7-20251201-041232.log,OK,1764600045
7500,host,22,256,1024,1024,16,22,1785,32,4,17.901286,7,benchmarks/benchmark-n7500-bsmodehost-blocks22-threads256-t7-20251201-041232.log,OK,1764600072
7500,host,22,256,1024,1024,16,22,1785,32,5,17.907627,7,benchmarks/benchmark-n7500-bsmodehost-blocks22-threads256-t7-20251201-041232.log,OK,1764600100
7500,host,22,256,1024,1024,16,22,1785,32,6,17.900956,7,benchmarks/benchmark-n7500-bsmodehost-blocks22-threads256-t7-20251201-041232.log,OK,1764600127
7500,host,22,256,1024,1024,16,22,1785,32,7,17.909820,7,benchmarks/benchmark-n7500-bsmodehost-blocks22-threads256-t7-20251201-041232.log,OK,1764600154
7500,host,22,512,1024,1024,16,22,1785,32,1,14.952827,7,benchmarks/benchmark-n7500-bsmodehost-blocks22-threads512-t7-20251201-041232.log,OK,1764600179
7500,host,22,512,1024,1024,16,22,1785,32,2,14.954261,7,benchmarks/benchmark-n7500-bsmodehost-blocks22-threads512-t7-20251201-041232.log,OK,1764600203
7500,host,22,512,1024,1024,16,22,1785,32,3,14.952381,7,benchmarks/benchmark-n7500-bsmodehost-blocks22-threads512-t7-20251201-041232.log,OK,1764600228
7500,host,22,512,1024,1024,16,22,1785,32,4,14.952906,7,benchmarks/benchmark-n7500-bsmodehost-blocks22-threads512-t7-20251201-041232.log,OK,1764600252
7500,host,22,512,1024,1024,16,22,1785,32,5,14.953039,7,benchmarks/benchmark-n7500-bsmodehost-blocks22-threads512-t7-20251201-041232.log,OK,1764600277
7500,host,22,512,1024,1024,16,22,1785,32,6,14.957129,7,benchmarks/benchmark-n7500-bsmodehost-blocks22-threads512-t7-20251201-041232.log,OK,1764600301
7500,host,22,512,1024,1024,16,22,1785,32,7,14.952424,7,benchmarks/benchmark-n7500-bsmodehost-blocks22-threads512-t7-20251201-041232.log,OK,1764600325
7500,host,22,1024,1024,1024,16,22,1785,32,1,14.862672,7,benchmarks/benchmark-n7500-bsmodehost-blocks22-threads1024-t7-20251201-041232.log,OK,1764600350
7500,host,22,1024,1024,1024,16,22,1785,32,2,14.864209,7,benchmarks/benchmark-n7500-bsmodehost-blocks22-threads1024-t7-20251201-041232.log,OK,1764600374
7500,host,22,1024,1024,1024,16,22,1785,32,3,14.863886,7,benchmarks/benchmark-n7500-bsmodehost-blocks22-threads1024-t7-20251201-041232.log,OK,1764600398
7500,host,22,1024,1024,1024,16,22,1785,32,4,14.866288,7,benchmarks/benchmark-n7500-bsmodehost-blocks22-threads1024-t7-20251201-041232.log,OK,1764600423
7500,host,22,1024,1024,1024,16,22,1785,32,5,14.864488,7,benchmarks/benchmark-n7500-bsmodehost-blocks22-threads1024-t7-20251201-041232.log,OK,1764600447
7500,host,22,1024,1024,1024,16,22,1785,32,6,14.863726,7,benchmarks/benchmark-n7500-bsmodehost-blocks22-threads1024-t7-20251201-041232.log,OK,1764600471
7500,host,22,1024,1024,1024,16,22,1785,32,7,14.872095,7,benchmarks/benchmark-n7500-bsmodehost-blocks22-threads1024-t7-20251201-041232.log,OK,1764600496
7500,host,32,32,1024,1024,16,22,1785,32,1,51.918568,7,benchmarks/benchmark-n7500-bsmodehost-blocks32-threads32-t7-20251201-041232.log,OK,1764600557
7500,host,32,32,1024,1024,16,22,1785,32,2,51.922414,7,benchmarks/benchmark-n7500-bsmodehost-blocks32-threads32-t7-20251201-041232.log,OK,1764600618
7500,host,32,32,1024,1024,16,22,1785,32,3,51.910448,7,benchmarks/benchmark-n7500-bsmodehost-blocks32-threads32-t7-20251201-041232.log,OK,1764600680
7500,host,32,32,1024,1024,16,22,1785,32,4,51.914064,7,benchmarks/benchmark-n7500-bsmodehost-blocks32-threads32-t7-20251201-041232.log,OK,1764600741
7500,host,32,32,1024,1024,16,22,1785,32,5,51.917391,7,benchmarks/benchmark-n7500-bsmodehost-blocks32-threads32-t7-20251201-041232.log,OK,1764600803
7500,host,32,32,1024,1024,16,22,1785,32,6,51.913938,7,benchmarks/benchmark-n7500-bsmodehost-blocks32-threads32-t7-20251201-041232.log,OK,1764600864
7500,host,32,32,1024,1024,16,22,1785,32,7,51.914055,7,benchmarks/benchmark-n7500-bsmodehost-blocks32-threads32-t7-20251201-041232.log,OK,1764600925
7500,host,32,64,1024,1024,16,22,1785,32,1,31.962134,7,benchmarks/benchmark-n7500-bsmodehost-blocks32-threads64-t7-20251201-041232.log,OK,1764600967
7500,host,32,64,1024,1024,16,22,1785,32,2,31.952681,7,benchmarks/benchmark-n7500-bsmodehost-blocks32-threads64-t7-20251201-041232.log,OK,1764601008
7500,host,32,64,1024,1024,16,22,1785,32,3,31.961328,7,benchmarks/benchmark-n7500-bsmodehost-blocks32-threads64-t7-20251201-041232.log,OK,1764601050
7500,host,32,64,1024,1024,16,22,1785,32,4,31.949193,7,benchmarks/benchmark-n7500-bsmodehost-blocks32-threads64-t7-20251201-041232.log,OK,1764601091
7500,host,32,64,1024,1024,16,22,1785,32,5,31.958325,7,benchmarks/benchmark-n7500-bsmodehost-blocks32-threads64-t7-20251201-041232.log,OK,1764601132
7500,host,32,64,1024,1024,16,22,1785,32,6,31.953828,7,benchmarks/benchmark-n7500-bsmodehost-blocks32-threads64-t7-20251201-041232.log,OK,1764601174
7500,host,32,64,1024,1024,16,22,1785,32,7,31.953276,7,benchmarks/benchmark-n7500-bsmodehost-blocks32-threads64-t7-20251201-041232.log,OK,1764601215
7500,host,32,128,1024,1024,16,22,1785,32,1,21.117918,7,benchmarks/benchmark-n7500-bsmodehost-blocks32-threads128-t7-20251201-041232.log,OK,1764601246
7500,host,32,128,1024,1024,16,22,1785,32,2,21.123943,7,benchmarks/benchmark-n7500-bsmodehost-blocks32-threads128-t7-20251201-041232.log,OK,1764601276
7500,host,32,128,1024,1024,16,22,1785,32,3,21.134778,7,benchmarks/benchmark-n7500-bsmodehost-blocks32-threads128-t7-20251201-041232.log,OK,1764601307
7500,host,32,128,1024,1024,16,22,1785,32,4,21.132643,7,benchmarks/benchmark-n7500-bsmodehost-blocks32-threads128-t7-20251201-041232.log,OK,1764601338
7500,host,32,128,1024,1024,16,22,1785,32,5,21.138533,7,benchmarks/benchmark-n7500-bsmodehost-blocks32-threads128-t7-20251201-041232.log,OK,1764601368
7500,host,32,128,1024,1024,16,22,1785,32,6,21.134475,7,benchmarks/benchmark-n7500-bsmodehost-blocks32-threads128-t7-20251201-041232.log,OK,1764601399
7500,host,32,128,1024,1024,16,22,1785,32,7,21.139755,7,benchmarks/benchmark-n7500-bsmodehost-blocks32-threads128-t7-20251201-041232.log,OK,1764601429
7500,host,32,256,1024,1024,16,22,1785,32,1,15.880483,7,benchmarks/benchmark-n7500-bsmodehost-blocks32-threads256-t7-20251201-041232.log,OK,1764601455
7500,host,32,256,1024,1024,16,22,1785,32,2,15.878364,7,benchmarks/benchmark-n7500-bsmodehost-blocks32-threads256-t7-20251201-041232.log,OK,1764601480
7500,host,32,256,1024,1024,16,22,1785,32,3,15.885413,7,benchmarks/benchmark-n7500-bsmodehost-blocks32-threads256-t7-20251201-041232.log,OK,1764601505
7500,host,32,256,1024,1024,16,22,1785,32,4,15.886224,7,benchmarks/benchmark-n7500-bsmodehost-blocks32-threads256-t7-20251201-041232.log,OK,1764601531
7500,host,32,256,1024,1024,16,22,1785,32,5,15.879327,7,benchmarks/benchmark-n7500-bsmodehost-blocks32-threads256-t7-20251201-041232.log,OK,1764601556
7500,host,32,256,1024,1024,16,22,1785,32,6,15.886630,7,benchmarks/benchmark-n7500-bsmodehost-blocks32-threads256-t7-20251201-041232.log,OK,1764601581
7500,host,32,256,1024,1024,16,22,1785,32,7,15.886071,7,benchmarks/benchmark-n7500-bsmodehost-blocks32-threads256-t7-20251201-041232.log,OK,1764601607
7500,host,32,512,1024,1024,16,22,1785,32,1,14.875337,7,benchmarks/benchmark-n7500-bsmodehost-blocks32-threads512-t7-20251201-041232.log,OK,1764601631
7500,host,32,512,1024,1024,16,22,1785,32,2,14.876275,7,benchmarks/benchmark-n7500-bsmodehost-blocks32-threads512-t7-20251201-041232.log,OK,1764601655
7500,host,32,512,1024,1024,16,22,1785,32,3,14.878202,7,benchmarks/benchmark-n7500-bsmodehost-blocks32-threads512-t7-20251201-041232.log,OK,1764601680
7500,host,32,512,1024,1024,16,22,1785,32,4,14.872798,7,benchmarks/benchmark-n7500-bsmodehost-blocks32-threads512-t7-20251201-041232.log,OK,1764601704
7500,host,32,512,1024,1024,16,22,1785,32,5,14.872506,7,benchmarks/benchmark-n7500-bsmodehost-blocks32-threads512-t7-20251201-041232.log,OK,1764601728
7500,host,32,512,1024,1024,16,22,1785,32,6,14.879516,7,benchmarks/benchmark-n7500-bsmodehost-blocks32-threads512-t7-20251201-041232.log,OK,1764601753
7500,host,32,512,1024,1024,16,22,1785,32,7,14.873869,7,benchmarks/benchmark-n7500-bsmodehost-blocks32-threads512-t7-20251201-041232.log,OK,1764601777
7500,host,32,1024,1024,1024,16,22,1785,32,1,15.492388,7,benchmarks/benchmark-n7500-bsmodehost-blocks32-threads1024-t7-20251201-041232.log,OK,1764601802
7500,host,32,1024,1024,1024,16,22,1785,32,2,15.493617,7,benchmarks/benchmark-n7500-bsmodehost-blocks32-threads1024-t7-20251201-041232.log,OK,1764601827
7500,host,32,1024,1024,1024,16,22,1785,32,3,15.488079,7,benchmarks/benchmark-n7500-bsmodehost-blocks32-threads1024-t7-20251201-041232.log,OK,1764601852
7500,host,32,1024,1024,1024,16,22,1785,32,4,15.492839,7,benchmarks/benchmark-n7500-bsmodehost-blocks32-threads1024-t7-20251201-041232.log,OK,1764601877
7500,host,32,1024,1024,1024,16,22,1785,32,5,15.488804,7,benchmarks/benchmark-n7500-bsmodehost-blocks32-threads1024-t7-20251201-041232.log,OK,1764601902
7500,host,32,1024,1024,1024,16,22,1785,32,6,15.491621,7,benchmarks/benchmark-n7500-bsmodehost-blocks32-threads1024-t7-20251201-041232.log,OK,1764601927
7500,host,32,1024,1024,1024,16,22,1785,32,7,15.490107,7,benchmarks/benchmark-n7500-bsmodehost-blocks32-threads1024-t7-20251201-041232.log,OK,1764601952
7500,host,44,32,1024,1024,16,22,1785,32,1,39.539552,7,benchmarks/benchmark-n7500-bsmodehost-blocks44-threads32-t7-20251201-041232.log,OK,1764602001
7500,host,44,32,1024,1024,16,22,1785,32,2,39.526391,7,benchmarks/benchmark-n7500-bsmodehost-blocks44-threads32-t7-20251201-041232.log,OK,1764602050
7500,host,44,32,1024,1024,16,22,1785,32,3,39.526885,7,benchmarks/benchmark-n7500-bsmodehost-blocks44-threads32-t7-20251201-041232.log,OK,1764602099
7500,host,44,32,1024,1024,16,22,1785,32,4,39.554551,7,benchmarks/benchmark-n7500-bsmodehost-blocks44-threads32-t7-20251201-041232.log,OK,1764602148
7500,host,44,32,1024,1024,16,22,1785,32,5,39.543979,7,benchmarks/benchmark-n7500-bsmodehost-blocks44-threads32-t7-20251201-041232.log,OK,1764602197
7500,host,44,32,1024,1024,16,22,1785,32,6,39.540857,7,benchmarks/benchmark-n7500-bsmodehost-blocks44-threads32-t7-20251201-041232.log,OK,1764602246
7500,host,44,32,1024,1024,16,22,1785,32,7,39.534684,7,benchmarks/benchmark-n7500-bsmodehost-blocks44-threads32-t7-20251201-041232.log,OK,1764602295
7500,host,44,64,1024,1024,16,22,1785,32,1,25.541325,7,benchmarks/benchmark-n7500-bsmodehost-blocks44-threads64-t7-20251201-041232.log,OK,1764602330
7500,host,44,64,1024,1024,16,22,1785,32,2,25.552401,7,benchmarks/benchmark-n7500-bsmodehost-blocks44-threads64-t7-20251201-041232.log,OK,1764602365
7500,host,44,64,1024,1024,16,22,1785,32,3,25.545117,7,benchmarks/benchmark-n7500-bsmodehost-blocks44-threads64-t7-20251201-041232.log,OK,1764602400
7500,host,44,64,1024,1024,16,22,1785,32,4,25.540918,7,benchmarks/benchmark-n7500-bsmodehost-blocks44-threads64-t7-20251201-041232.log,OK,1764602435
7500,host,44,64,1024,1024,16,22,1785,32,5,25.546367,7,benchmarks/benchmark-n7500-bsmodehost-blocks44-threads64-t7-20251201-041232.log,OK,1764602470
7500,host,44,64,1024,1024,16,22,1785,32,6,25.538311,7,benchmarks/benchmark-n7500-bsmodehost-blocks44-threads64-t7-20251201-041232.log,OK,1764602505
7500,host,44,64,1024,1024,16,22,1785,32,7,25.557113,7,benchmarks/benchmark-n7500-bsmodehost-blocks44-threads64-t7-20251201-041232.log,OK,1764602540
7500,host,44,128,1024,1024,16,22,1785,32,1,17.967524,7,benchmarks/benchmark-n7500-bsmodehost-blocks44-threads128-t7-20251201-041232.log,OK,1764602567
7500,host,44,128,1024,1024,16,22,1785,32,2,17.966419,7,benchmarks/benchmark-n7500-bsmodehost-blocks44-threads128-t7-20251201-041232.log,OK,1764602595
7500,host,44,128,1024,1024,16,22,1785,32,3,17.971362,7,benchmarks/benchmark-n7500-bsmodehost-blocks44-threads128-t7-20251201-041232.log,OK,1764602622
7500,host,44,128,1024,1024,16,22,1785,32,4,17.962944,7,benchmarks/benchmark-n7500-bsmodehost-blocks44-threads128-t7-20251201-041232.log,OK,1764602649
7500,host,44,128,1024,1024,16,22,1785,32,5,17.966595,7,benchmarks/benchmark-n7500-bsmodehost-blocks44-threads128-t7-20251201-041232.log,OK,1764602677
7500,host,44,128,1024,1024,16,22,1785,32,6,17.970350,7,benchmarks/benchmark-n7500-bsmodehost-blocks44-threads128-t7-20251201-041232.log,OK,1764602704
7500,host,44,128,1024,1024,16,22,1785,32,7,17.965278,7,benchmarks/benchmark-n7500-bsmodehost-blocks44-threads128-t7-20251201-041232.log,OK,1764602732
7500,host,44,256,1024,1024,16,22,1785,32,1,15.076000,7,benchmarks/benchmark-n7500-bsmodehost-blocks44-threads256-t7-20251201-041232.log,OK,1764602756
7500,host,44,256,1024,1024,16,22,1785,32,2,15.078738,7,benchmarks/benchmark-n7500-bsmodehost-blocks44-threads256-t7-20251201-041232.log,OK,1764602781
7500,host,44,256,1024,1024,16,22,1785,32,3,15.075401,7,benchmarks/benchmark-n7500-bsmodehost-blocks44-threads256-t7-20251201-041232.log,OK,1764602805
7500,host,44,256,1024,1024,16,22,1785,32,4,15.076859,7,benchmarks/benchmark-n7500-bsmodehost-blocks44-threads256-t7-20251201-041232.log,OK,1764602830
7500,host,44,256,1024,1024,16,22,1785,32,5,15.075998,7,benchmarks/benchmark-n7500-bsmodehost-blocks44-threads256-t7-20251201-041232.log,OK,1764602854
7500,host,44,256,1024,1024,16,22,1785,32,6,15.076904,7,benchmarks/benchmark-n7500-bsmodehost-blocks44-threads256-t7-20251201-041232.log,OK,1764602879
7500,host,44,256,1024,1024,16,22,1785,32,7,15.075180,7,benchmarks/benchmark-n7500-bsmodehost-blocks44-threads256-t7-20251201-041232.log,OK,1764602903
7500,host,44,512,1024,1024,16,22,1785,32,1,14.775265,7,benchmarks/benchmark-n7500-bsmodehost-blocks44-threads512-t7-20251201-041232.log,OK,1764602928
7500,host,44,512,1024,1024,16,22,1785,32,2,14.776507,7,benchmarks/benchmark-n7500-bsmodehost-blocks44-threads512-t7-20251201-041232.log,OK,1764602952
7500,host,44,512,1024,1024,16,22,1785,32,3,14.774200,7,benchmarks/benchmark-n7500-bsmodehost-blocks44-threads512-t7-20251201-041232.log,OK,1764602976
7500,host,44,512,1024,1024,16,22,1785,32,4,14.774217,7,benchmarks/benchmark-n7500-bsmodehost-blocks44-threads512-t7-20251201-041232.log,OK,1764603000
7500,host,44,512,1024,1024,16,22,1785,32,5,14.773239,7,benchmarks/benchmark-n7500-bsmodehost-blocks44-threads512-t7-20251201-041232.log,OK,1764603025
7500,host,44,512,1024,1024,16,22,1785,32,6,14.776761,7,benchmarks/benchmark-n7500-bsmodehost-blocks44-threads512-t7-20251201-041232.log,OK,1764603049
7500,host,44,512,1024,1024,16,22,1785,32,7,14.781140,7,benchmarks/benchmark-n7500-bsmodehost-blocks44-threads512-t7-20251201-041232.log,OK,1764603073
7500,host,44,1024,1024,1024,16,22,1785,32,1,14.878504,7,benchmarks/benchmark-n7500-bsmodehost-blocks44-threads1024-t7-20251201-041232.log,OK,1764603097
7500,host,44,1024,1024,1024,16,22,1785,32,2,14.877047,7,benchmarks/benchmark-n7500-bsmodehost-blocks44-threads1024-t7-20251201-041232.log,OK,1764603122
7500,host,44,1024,1024,1024,16,22,1785,32,3,14.879553,7,benchmarks/benchmark-n7500-bsmodehost-blocks44-threads1024-t7-20251201-041232.log,OK,1764603146
7500,host,44,1024,1024,1024,16,22,1785,32,4,14.878494,7,benchmarks/benchmark-n7500-bsmodehost-blocks44-threads1024-t7-20251201-041232.log,OK,1764603170
7500,host,44,1024,1024,1024,16,22,1785,32,5,14.878018,7,benchmarks/benchmark-n7500-bsmodehost-blocks44-threads1024-t7-20251201-041232.log,OK,1764603195
7500,host,44,1024,1024,1024,16,22,1785,32,6,14.877783,7,benchmarks/benchmark-n7500-bsmodehost-blocks44-threads1024-t7-20251201-041232.log,OK,1764603219
7500,host,44,1024,1024,1024,16,22,1785,32,7,14.878212,7,benchmarks/benchmark-n7500-bsmodehost-blocks44-threads1024-t7-20251201-041232.log,OK,1764603243
